{"mean":{"confidence_interval":{"confidence_level":0.95,"lower_bound":-0.9194517207319597,"upper_bound":-0.7031158717831705},"point_estimate":-0.8672028691295876,"standard_error":0.05785100239194305},"median":{"confidence_interval":{"confidence_level":0.95,"lower_bound":-0.923080254286402,"upper_bound":-0.1057930664474378},"point_estimate":-0.7966750613523073,"standard_error":0.2701542394947719}}