{"mean":{"confidence_interval":{"confidence_level":0.95,"lower_bound":127413076.67650001,"upper_bound":192067801.488},"point_estimate":158205456.53,"standard_error":16518599.721726306},"median":{"confidence_interval":{"confidence_level":0.95,"lower_bound":75814287.0,"upper_bound":134838114.0},"point_estimate":95429952.0,"standard_error":13048611.19760074},"median_abs_dev":{"confidence_interval":{"confidence_level":0.95,"lower_bound":72959914.47610259,"upper_bound":129462898.8208741},"point_estimate":101844516.4967984,"standard_error":13325686.589962082},"slope":null,"std_dev":{"confidence_interval":{"confidence_level":0.95,"lower_bound":125142224.9215184,"upper_bound":202253583.20421407},"point_estimate":165872068.59761685,"standard_error":19745188.899706483}}