{"mean":{"confidence_interval":{"confidence_level":0.95,"lower_bound":10153762.589669641,"upper_bound":10204598.948849205},"point_estimate":10180628.942923281,"standard_error":13007.626050432353},"median":{"confidence_interval":{"confidence_level":0.95,"lower_bound":10152829.222222222,"upper_bound":10212106.007407408},"point_estimate":10189396.80787037,"standard_error":15254.484536076827},"median_abs_dev":{"confidence_interval":{"confidence_level":0.95,"lower_bound":7995.540853607087,"upper_bound":70213.50836873801},"point_estimate":42023.10880116234,"standard_error":15806.76663408635},"slope":{"confidence_interval":{"confidence_level":0.95,"lower_bound":10173602.948518762,"upper_bound":10203620.34074074},"point_estimate":10190757.949206349,"standard_error":7610.069928788658},"std_dev":{"confidence_interval":{"confidence_level":0.95,"lower_bound":20687.01401353011,"upper_bound":58398.34394328899},"point_estimate":43415.66668287016,"standard_error":10270.662081121112}}