{"mean":{"confidence_interval":{"confidence_level":0.95,"lower_bound":1.4516443650419453,"upper_bound":71.1707958620012},"point_estimate":12.607447085664077,"standard_error":18.222352999737208},"median":{"confidence_interval":{"confidence_level":0.95,"lower_bound":0.021160135009364867,"upper_bound":77.00369007196254},"point_estimate":0.8834533916352889,"standard_error":26.255283970700464}}