{"mean":{"confidence_interval":{"confidence_level":0.95,"lower_bound":0.01618358386393065,"upper_bound":0.34543342604084815},"point_estimate":0.1584080246676327,"standard_error":0.08460799324315774},"median":{"confidence_interval":{"confidence_level":0.95,"lower_bound":0.05642534512971542,"upper_bound":0.2966069542685701},"point_estimate":0.10075174998175829,"standard_error":0.05825499019520073}}