{"mean":{"confidence_interval":{"confidence_level":0.95,"lower_bound":17.1527299777557,"upper_bound":17.21694517466098},"point_estimate":17.187180297890563,"standard_error":0.016567253643904083},"median":{"confidence_interval":{"confidence_level":0.95,"lower_bound":17.16420472543535,"upper_bound":17.2210182063744},"point_estimate":17.20565139828429,"standard_error":0.01625090370825254}}