{"mean":{"confidence_interval":{"confidence_level":0.95,"lower_bound":0.046803454777016196,"upper_bound":0.048809248461405774},"point_estimate":0.04776271402721921,"standard_error":0.0005128722813310507},"median":{"confidence_interval":{"confidence_level":0.95,"lower_bound":0.046408672849395094,"upper_bound":0.04930433531974021},"point_estimate":0.04752406242739937,"standard_error":0.000780058541304921}}