{"mean":{"confidence_interval":{"confidence_level":0.95,"lower_bound":-0.9759439059747674,"upper_bound":-0.7576396487283268},"point_estimate":-0.9518081402212437,"standard_error":0.05923994108840483},"median":{"confidence_interval":{"confidence_level":0.95,"lower_bound":-0.9790695525754635,"upper_bound":-0.4241059381723633},"point_estimate":-0.7626067676756337,"standard_error":0.17745431869479153}}