{"mean":{"confidence_interval":{"confidence_level":0.95,"lower_bound":0.05231452044313172,"upper_bound":0.057228452655234616},"point_estimate":0.05465613313369899,"standard_error":0.0012576864888881364},"median":{"confidence_interval":{"confidence_level":0.95,"lower_bound":0.05142769752544596,"upper_bound":0.055769851973734186},"point_estimate":0.052893161639847364,"standard_error":0.0011470735798102824}}