{"mean":{"confidence_interval":{"confidence_level":0.95,"lower_bound":-0.2543754705711434,"upper_bound":-0.25060696073231375},"point_estimate":-0.2524922046058564,"standard_error":0.0009578627191049233},"median":{"confidence_interval":{"confidence_level":0.95,"lower_bound":-0.2522131243262262,"upper_bound":-0.24994003014795485},"point_estimate":-0.2510482080279499,"standard_error":0.000609450920703449}}