{"mean":{"confidence_interval":{"confidence_level":0.95,"lower_bound":0.15822047102814868,"upper_bound":0.17078032325527853},"point_estimate":0.16424238876069874,"standard_error":0.0032083708306161474},"median":{"confidence_interval":{"confidence_level":0.95,"lower_bound":0.15694797271177152,"upper_bound":0.16807511232057326},"point_estimate":0.1633201096882002,"standard_error":0.0025766114003985827}}