{"mean":{"confidence_interval":{"confidence_level":0.95,"lower_bound":0.005116751612322956,"upper_bound":0.008853632930229659},"point_estimate":0.006970103153896234,"standard_error":0.0009544398893466318},"median":{"confidence_interval":{"confidence_level":0.95,"lower_bound":0.0050412578315215395,"upper_bound":0.008697448626595827},"point_estimate":0.006627986617362414,"standard_error":0.000960313494376074}}