{"mean":{"confidence_interval":{"confidence_level":0.95,"lower_bound":2324179.442292645,"upper_bound":28750867.286997903},"point_estimate":13585656.020474702,"standard_error":7079388.670709658},"median":{"confidence_interval":{"confidence_level":0.95,"lower_bound":365522.06572769955,"upper_bound":19501862.265258215},"point_estimate":496278.7089201878,"standard_error":7265655.054019646},"median_abs_dev":{"confidence_interval":{"confidence_level":0.95,"lower_bound":64303.35390064084,"upper_bound":27892275.222947713},"point_estimate":324850.6820872076,"standard_error":8310350.940832893},"slope":{"confidence_interval":{"confidence_level":0.95,"lower_bound":4781188.4233306525,"upper_bound":34723494.69632874},"point_estimate":17006271.194439363,"standard_error":7651909.008491729},"std_dev":{"confidence_interval":{"confidence_level":0.95,"lower_bound":6053212.819292111,"upper_bound":34834574.486161076},"point_estimate":23504006.34017183,"standard_error":9170232.207152857}}