{"mean":{"confidence_interval":{"confidence_level":0.95,"lower_bound":5.132328286751857,"upper_bound":219.41571751196705},"point_estimate":19.84432020795166,"standard_error":64.38788844695722},"median":{"confidence_interval":{"confidence_level":0.95,"lower_bound":-0.2888158746894901,"upper_bound":340.2281038994724},"point_estimate":232.17267986048287,"standard_error":101.61983574418602}}