{"mean":{"confidence_interval":{"confidence_level":0.95,"lower_bound":0.005612493791963047,"upper_bound":0.008222186289953609},"point_estimate":0.0070521610374334465,"standard_error":0.0006575035600346922},"median":{"confidence_interval":{"confidence_level":0.95,"lower_bound":0.005665209671286142,"upper_bound":0.009238546255866176},"point_estimate":0.0064433191261785705,"standard_error":0.0010323440206889448}}