{"mean":{"confidence_interval":{"confidence_level":0.95,"lower_bound":86032378.77350001,"upper_bound":157006830.447375},"point_estimate":119357844.9225,"standard_error":18142506.845539115},"median":{"confidence_interval":{"confidence_level":0.95,"lower_bound":21787838.5,"upper_bound":66543478.75},"point_estimate":39573587.75,"standard_error":10163789.018761193},"median_abs_dev":{"confidence_interval":{"confidence_level":0.95,"lower_bound":18170432.634135336,"upper_bound":81184564.62671086},"point_estimate":42865961.77260205,"standard_error":14524511.224803817},"slope":null,"std_dev":{"confidence_interval":{"confidence_level":0.95,"lower_bound":128281574.61850007,"upper_bound":229430833.1477335},"point_estimate":182317330.9849345,"standard_error":25864980.236155175}}