{"mean":{"confidence_interval":{"confidence_level":0.95,"lower_bound":-0.8463006246056246,"upper_bound":-0.33677670364183526},"point_estimate":-0.7322010383011759,"standard_error":0.1332356043348859},"median":{"confidence_interval":{"confidence_level":0.95,"lower_bound":-0.839854989102411,"upper_bound":-0.02013371487229354},"point_estimate":-0.2050574809048098,"standard_error":0.26627813817175483}}