{"mean":{"confidence_interval":{"confidence_level":0.95,"lower_bound":0.0024929766573549283,"upper_bound":0.007704202945472138},"point_estimate":0.005216002230455263,"standard_error":0.0013346857228989087},"median":{"confidence_interval":{"confidence_level":0.95,"lower_bound":0.0018398702843496206,"upper_bound":0.00799834822887835},"point_estimate":0.00545304888399456,"standard_error":0.0015943434274795238}}