{"mean":{"confidence_interval":{"confidence_level":0.95,"lower_bound":958955.4200632442,"upper_bound":960532.9280787038},"point_estimate":959744.032159805,"standard_error":402.05601961612524},"median":{"confidence_interval":{"confidence_level":0.95,"lower_bound":958683.9505208333,"upper_bound":961071.1770833334},"point_estimate":959639.5604166667,"standard_error":675.7874549310197},"median_abs_dev":{"confidence_interval":{"confidence_level":0.95,"lower_bound":129.3858047341928,"upper_bound":2188.673539580875},"point_estimate":1457.200603738962,"standard_error":531.7942746378411},"slope":{"confidence_interval":{"confidence_level":0.95,"lower_bound":958589.0149293818,"upper_bound":961119.8720423072},"point_estimate":960065.6489989178,"standard_error":653.1380655554268},"std_dev":{"confidence_interval":{"confidence_level":0.95,"lower_bound":832.722582604784,"upper_bound":1632.3313263614898},"point_estimate":1344.7754462386702,"standard_error":204.80827015796942}}