{"mean":{"confidence_interval":{"confidence_level":0.95,"lower_bound":-0.0004739926428505292,"upper_bound":0.0011215212966428736},"point_estimate":0.0003385316315647202,"standard_error":0.0004061361915450714},"median":{"confidence_interval":{"confidence_level":0.95,"lower_bound":-0.0007741659952555935,"upper_bound":0.0011527385850118588},"point_estimate":0.0004827127102733364,"standard_error":0.0004747543970628341}}