{"mean":{"confidence_interval":{"confidence_level":0.95,"lower_bound":0.01681993961389709,"upper_bound":0.018485792772435304},"point_estimate":0.017698745767843915,"standard_error":0.00042122463027362067},"median":{"confidence_interval":{"confidence_level":0.95,"lower_bound":0.017419923268179982,"upper_bound":0.01902378934275295},"point_estimate":0.018121996184781164,"standard_error":0.0003827655380789888}}