{"mean":{"confidence_interval":{"confidence_level":0.95,"lower_bound":-0.14328752760933344,"upper_bound":-0.10731499555977489},"point_estimate":-0.1254491356359897,"standard_error":0.00920076318369692},"median":{"confidence_interval":{"confidence_level":0.95,"lower_bound":-0.06799246738235701,"upper_bound":-0.04155905168989704},"point_estimate":-0.0562794595431102,"standard_error":0.008695030533347347}}