{"mean":{"confidence_interval":{"confidence_level":0.95,"lower_bound":-0.018156546399438013,"upper_bound":-0.012773727573233537},"point_estimate":-0.015489951821033299,"standard_error":0.0013757073365767616},"median":{"confidence_interval":{"confidence_level":0.95,"lower_bound":-0.024774277794812116,"upper_bound":-0.005470253852088103},"point_estimate":-0.022563608043638994,"standard_error":0.0036311431994929468}}