{"mean":{"confidence_interval":{"confidence_level":0.95,"lower_bound":0.2770891828061715,"upper_bound":0.2852329614240142},"point_estimate":0.2808144457647692,"standard_error":0.0020733849273446023},"median":{"confidence_interval":{"confidence_level":0.95,"lower_bound":0.27795488334555074,"upper_bound":0.28303499688779543},"point_estimate":0.2803682838506951,"standard_error":0.001280253953951017}}