{"mean":{"confidence_interval":{"confidence_level":0.95,"lower_bound":-0.8877274118797814,"upper_bound":-0.7553900588764323},"point_estimate":-0.842263282535852,"standard_error":0.03404961995207401},"median":{"confidence_interval":{"confidence_level":0.95,"lower_bound":-0.2268511181020778,"upper_bound":0.13612883022195832},"point_estimate":-0.008985704922541138,"standard_error":0.08366424206641714}}