{"mean":{"confidence_interval":{"confidence_level":0.95,"lower_bound":-0.7764428125908078,"upper_bound":0.09487547516997971},"point_estimate":-0.5793645494909189,"standard_error":0.24532385267623805},"median":{"confidence_interval":{"confidence_level":0.95,"lower_bound":-0.6705062520477184,"upper_bound":0.10460500240203707},"point_estimate":0.011701358655143546,"standard_error":0.13323775787704237}}