{"mean":{"confidence_interval":{"confidence_level":0.95,"lower_bound":0.08104225042579488,"upper_bound":0.08402787705532368},"point_estimate":0.08253947972095066,"standard_error":0.0007645377403263117},"median":{"confidence_interval":{"confidence_level":0.95,"lower_bound":0.08078459758945455,"upper_bound":0.08332586644269901},"point_estimate":0.08232937636658288,"standard_error":0.0006404253336317221}}