{"mean":{"confidence_interval":{"confidence_level":0.95,"lower_bound":-0.8691784840839805,"upper_bound":-0.6712491913295416},"point_estimate":-0.8062313618584541,"standard_error":0.051265087242552604},"median":{"confidence_interval":{"confidence_level":0.95,"lower_bound":0.07596978467367332,"upper_bound":0.2306256662562487},"point_estimate":0.16572522328753303,"standard_error":0.040633155663181056}}