{"mean":{"confidence_interval":{"confidence_level":0.95,"lower_bound":-0.9658116070521459,"upper_bound":11.266199833638234},"point_estimate":1.4366147143471957,"standard_error":3.911755229448478},"median":{"confidence_interval":{"confidence_level":0.95,"lower_bound":-0.9719958690792495,"upper_bound":-0.32928810008862497},"point_estimate":-0.7372670108538999,"standard_error":0.18566414129272182}}