{"mean":{"confidence_interval":{"confidence_level":0.95,"lower_bound":-0.028319913041803146,"upper_bound":-0.021961377236058243},"point_estimate":-0.025144631253873007,"standard_error":0.001624700099117979},"median":{"confidence_interval":{"confidence_level":0.95,"lower_bound":-0.02830411648188169,"upper_bound":-0.02246667446790207},"point_estimate":-0.024308727700985022,"standard_error":0.0015760089562958618}}