{"mean":{"confidence_interval":{"confidence_level":0.95,"lower_bound":-0.2015141603689573,"upper_bound":-0.19032710551585916},"point_estimate":-0.19662338855390915,"standard_error":0.0029563186594535598},"median":{"confidence_interval":{"confidence_level":0.95,"lower_bound":-0.2010349682990169,"upper_bound":-0.18836746193520038},"point_estimate":-0.1992036162112948,"standard_error":0.002962883191109071}}