{"mean":{"confidence_interval":{"confidence_level":0.95,"lower_bound":-0.1983669649427124,"upper_bound":-0.18949209680436396},"point_estimate":-0.1936348094349284,"standard_error":0.002262389003798329},"median":{"confidence_interval":{"confidence_level":0.95,"lower_bound":-0.1896523758953227,"upper_bound":-0.18646330282646273},"point_estimate":-0.1884124208011817,"standard_error":0.0006920547053115698}}