{"mean":{"confidence_interval":{"confidence_level":0.95,"lower_bound":-0.7551372884476415,"upper_bound":-0.1896666960832973},"point_estimate":-0.5812557882289071,"standard_error":0.14718116384040836},"median":{"confidence_interval":{"confidence_level":0.95,"lower_bound":0.035591948487433855,"upper_bound":0.14543856902775598},"point_estimate":0.09190567918188175,"standard_error":0.026536713529965096}}