{"mean":{"confidence_interval":{"confidence_level":0.95,"lower_bound":-0.842819120091237,"upper_bound":0.011906445269739496},"point_estimate":-0.6868708333711768,"standard_error":0.23001827997504704},"median":{"confidence_interval":{"confidence_level":0.95,"lower_bound":-0.8334334560041953,"upper_bound":0.05037835700156279},"point_estimate":-0.07914601441060143,"standard_error":0.14490382143706873}}