{"mean":{"confidence_interval":{"confidence_level":0.95,"lower_bound":-0.041928115073505696,"upper_bound":-0.03359161453307944},"point_estimate":-0.03796560783978753,"standard_error":0.002087349432707695},"median":{"confidence_interval":{"confidence_level":0.95,"lower_bound":-0.0402826501071909,"upper_bound":-0.0316653090348864},"point_estimate":-0.03799502682831435,"standard_error":0.002214026554232339}}