{"mean":{"confidence_interval":{"confidence_level":0.95,"lower_bound":-0.13515457832055466,"upper_bound":-0.10867893423110048},"point_estimate":-0.12534628438219697,"standard_error":0.007675729554015566},"median":{"confidence_interval":{"confidence_level":0.95,"lower_bound":-0.13467737582115658,"upper_bound":-0.12843236234494668},"point_estimate":-0.13314320200458463,"standard_error":0.0034127677127172994}}